"campaignid","caab_code","number","opcode","latitude_dd","longitude_dd","date_time","site","location","status","depth_m","successful_count","successful_length","zone","marine_region","observer_count","observer_length","level_1","level_2","level_3","level_4","level_5"
"SCI3304-2025","82003001",0,"I1",-35.0406,117.9238056,"2025-04-25T09:54:00+08:00","Inlet","Prince Harbour","fished","7.4","Yes","Yes","NA","South-west","Ephraim Chang","Khai Siang Tan","Physical","Relief","Flat",NA,"0"
"SCI3304-2025","82003003",2,"I1",-35.0406,117.9238056,"2025-04-25T09:54:00+08:00","Inlet","Prince Harbour","fished","7.4","Yes","Yes","NA","South-west","Ephraim Chang","Khai Siang Tan","Physical","Relief","Low / moderate","Low (<1m)","1"
"SCI3304-2025","82003004",2,"I1",-35.0406,117.9238056,"2025-04-25T09:54:00+08:00","Inlet","Prince Harbour","fished","7.4","Yes","Yes","NA","South-west","Ephraim Chang","Khai Siang Tan","Physical","Relief","Low / moderate","Moderate (1-3m)","2"
"SCI3304-2025","82003006",8,"I1",-35.0406,117.9238056,"2025-04-25T09:54:00+08:00","Inlet","Prince Harbour","fished","7.4","Yes","Yes","NA","South-west","Ephraim Chang","Khai Siang Tan","Physical","Relief","High","High (>3m)","3"
"SCI3304-2025","82003001",0,"I2",-35.0412,117.9221167,"2025-04-25T09:56:00+08:00","Inlet","Prince Harbour","fished","7.9","Yes","Yes","NA","South-west","Erika Teng Gui","Khai Siang Tan","Physical","Relief","Flat",NA,"0"
"SCI3304-2025","82003003",2,"I2",-35.0412,117.9221167,"2025-04-25T09:56:00+08:00","Inlet","Prince Harbour","fished","7.9","Yes","Yes","NA","South-west","Erika Teng Gui","Khai Siang Tan","Physical","Relief","Low / moderate","Low (<1m)","1"
"SCI3304-2025","82003004",1,"I2",-35.0412,117.9221167,"2025-04-25T09:56:00+08:00","Inlet","Prince Harbour","fished","7.9","Yes","Yes","NA","South-west","Erika Teng Gui","Khai Siang Tan","Physical","Relief","Low / moderate","Moderate (1-3m)","2"
"SCI3304-2025","82003006",7,"I2",-35.0412,117.9221167,"2025-04-25T09:56:00+08:00","Inlet","Prince Harbour","fished","7.9","Yes","Yes","NA","South-west","Erika Teng Gui","Khai Siang Tan","Physical","Relief","High","High (>3m)","3"
"SCI3304-2025","82003001",0,"I3",-35.0429,117.9229333,"2025-04-25T10:08:00+08:00","Inlet","Prince Harbour","fished","8.6","Yes","Yes","NA","South-west","Ephraim Chang","Khai Siang Tan","Physical","Relief","Flat",NA,"0"
"SCI3304-2025","82003003",0,"I3",-35.0429,117.9229333,"2025-04-25T10:08:00+08:00","Inlet","Prince Harbour","fished","8.6","Yes","Yes","NA","South-west","Ephraim Chang","Khai Siang Tan","Physical","Relief","Low / moderate","Low (<1m)","1"
"SCI3304-2025","82003004",5,"I3",-35.0429,117.9229333,"2025-04-25T10:08:00+08:00","Inlet","Prince Harbour","fished","8.6","Yes","Yes","NA","South-west","Ephraim Chang","Khai Siang Tan","Physical","Relief","Low / moderate","Moderate (1-3m)","2"
"SCI3304-2025","82003006",5,"I3",-35.0429,117.9229333,"2025-04-25T10:08:00+08:00","Inlet","Prince Harbour","fished","8.6","Yes","Yes","NA","South-west","Ephraim Chang","Khai Siang Tan","Physical","Relief","High","High (>3m)","3"
"SCI3304-2025","82003001",1,"R1",-35.0335,117.8682667,"2025-04-23T10:38:00+08:00","Rocky","Prince Harbour","fished","3.2","Yes","Yes","NA","South-west","Caelan McCuaig","Kayla Ferrera","Physical","Relief","Flat",NA,"0"
"SCI3304-2025","82003003",2,"R1",-35.0335,117.8682667,"2025-04-23T10:38:00+08:00","Rocky","Prince Harbour","fished","3.2","Yes","Yes","NA","South-west","Caelan McCuaig","Kayla Ferrera","Physical","Relief","Low / moderate","Low (<1m)","1"
"SCI3304-2025","82003004",7,"R1",-35.0335,117.8682667,"2025-04-23T10:38:00+08:00","Rocky","Prince Harbour","fished","3.2","Yes","Yes","NA","South-west","Caelan McCuaig","Kayla Ferrera","Physical","Relief","Low / moderate","Moderate (1-3m)","2"
"SCI3304-2025","82003006",0,"R1",-35.0335,117.8682667,"2025-04-23T10:38:00+08:00","Rocky","Prince Harbour","fished","3.2","Yes","Yes","NA","South-west","Caelan McCuaig","Kayla Ferrera","Physical","Relief","High","High (>3m)","3"
"SCI3304-2025","82003001",3,"R2",-35.0326,117.86735,"2025-04-23T10:57:00+08:00","Rocky","Prince Harbour","fished","2.4","Yes","Yes","NA","South-west","Khai Siang Tan","Darren Yap","Physical","Relief","Flat",NA,"0"
"SCI3304-2025","82003003",6,"R2",-35.0326,117.86735,"2025-04-23T10:57:00+08:00","Rocky","Prince Harbour","fished","2.4","Yes","Yes","NA","South-west","Khai Siang Tan","Darren Yap","Physical","Relief","Low / moderate","Low (<1m)","1"
"SCI3304-2025","82003004",1,"R2",-35.0326,117.86735,"2025-04-23T10:57:00+08:00","Rocky","Prince Harbour","fished","2.4","Yes","Yes","NA","South-west","Khai Siang Tan","Darren Yap","Physical","Relief","Low / moderate","Moderate (1-3m)","2"
"SCI3304-2025","82003006",0,"R2",-35.0326,117.86735,"2025-04-23T10:57:00+08:00","Rocky","Prince Harbour","fished","2.4","Yes","Yes","NA","South-west","Khai Siang Tan","Darren Yap","Physical","Relief","High","High (>3m)","3"
"SCI3304-2025","82003001",0,"R3",-35.03421667,117.8662333,"2025-04-23T11:09:00+08:00","Rocky","Prince Harbour","fished","3.1","Yes","Yes","NA","South-west","James Wijaya","Darren Yap","Physical","Relief","Flat",NA,"0"
"SCI3304-2025","82003003",0,"R3",-35.03421667,117.8662333,"2025-04-23T11:09:00+08:00","Rocky","Prince Harbour","fished","3.1","Yes","Yes","NA","South-west","James Wijaya","Darren Yap","Physical","Relief","Low / moderate","Low (<1m)","1"
"SCI3304-2025","82003004",10,"R3",-35.03421667,117.8662333,"2025-04-23T11:09:00+08:00","Rocky","Prince Harbour","fished","3.1","Yes","Yes","NA","South-west","James Wijaya","Darren Yap","Physical","Relief","Low / moderate","Moderate (1-3m)","2"
"SCI3304-2025","82003006",0,"R3",-35.03421667,117.8662333,"2025-04-23T11:09:00+08:00","Rocky","Prince Harbour","fished","3.1","Yes","Yes","NA","South-west","James Wijaya","Darren Yap","Physical","Relief","High","High (>3m)","3"
"SCI3304-2025","82003001",0,"R4",-35.0373,117.8642833,"2025-04-23T11:23:00+08:00","Rocky","Prince Harbour","fished","3.7","Yes","Yes","NA","South-west","Ephraim Chang","Khai Siang Tan","Physical","Relief","Flat",NA,"0"
"SCI3304-2025","82003003",0,"R4",-35.0373,117.8642833,"2025-04-23T11:23:00+08:00","Rocky","Prince Harbour","fished","3.7","Yes","Yes","NA","South-west","Ephraim Chang","Khai Siang Tan","Physical","Relief","Low / moderate","Low (<1m)","1"
"SCI3304-2025","82003004",6,"R4",-35.0373,117.8642833,"2025-04-23T11:23:00+08:00","Rocky","Prince Harbour","fished","3.7","Yes","Yes","NA","South-west","Ephraim Chang","Khai Siang Tan","Physical","Relief","Low / moderate","Moderate (1-3m)","2"
"SCI3304-2025","82003006",0,"R4",-35.0373,117.8642833,"2025-04-23T11:23:00+08:00","Rocky","Prince Harbour","fished","3.7","Yes","Yes","NA","South-west","Ephraim Chang","Khai Siang Tan","Physical","Relief","High","High (>3m)","3"
"SCI3304-2025","82003001",0,"R5",-35.0387,117.8679333,"2025-04-23T11:38:00+08:00","Rocky","Prince Harbour","fished","4.7","Yes","Yes","NA","South-west","James Wijaya","Khai Siang Tan","Physical","Relief","Flat",NA,"0"
"SCI3304-2025","82003003",5,"R5",-35.0387,117.8679333,"2025-04-23T11:38:00+08:00","Rocky","Prince Harbour","fished","4.7","Yes","Yes","NA","South-west","James Wijaya","Khai Siang Tan","Physical","Relief","Low / moderate","Low (<1m)","1"
"SCI3304-2025","82003004",5,"R5",-35.0387,117.8679333,"2025-04-23T11:38:00+08:00","Rocky","Prince Harbour","fished","4.7","Yes","Yes","NA","South-west","James Wijaya","Khai Siang Tan","Physical","Relief","Low / moderate","Moderate (1-3m)","2"
"SCI3304-2025","82003006",0,"R5",-35.0387,117.8679333,"2025-04-23T11:38:00+08:00","Rocky","Prince Harbour","fished","4.7","Yes","Yes","NA","South-west","James Wijaya","Khai Siang Tan","Physical","Relief","High","High (>3m)","3"
"SCI3304-2025","82003001",0,"R6",-35.0412,117.86645,"2025-04-23T11:51:00+08:00","Rocky","Prince Harbour","fished","3.8","Yes","Yes","NA","South-west","Ephraim Chang","Darren Yap","Physical","Relief","Flat",NA,"0"
"SCI3304-2025","82003003",5,"R6",-35.0412,117.86645,"2025-04-23T11:51:00+08:00","Rocky","Prince Harbour","fished","3.8","Yes","Yes","NA","South-west","Ephraim Chang","Darren Yap","Physical","Relief","Low / moderate","Low (<1m)","1"
"SCI3304-2025","82003004",0,"R6",-35.0412,117.86645,"2025-04-23T11:51:00+08:00","Rocky","Prince Harbour","fished","3.8","Yes","Yes","NA","South-west","Ephraim Chang","Darren Yap","Physical","Relief","Low / moderate","Moderate (1-3m)","2"
"SCI3304-2025","82003006",0,"R6",-35.0412,117.86645,"2025-04-23T11:51:00+08:00","Rocky","Prince Harbour","fished","3.8","Yes","Yes","NA","South-west","Ephraim Chang","Darren Yap","Physical","Relief","High","High (>3m)","3"
"SCI3304-2025","82003001",0,"S1",-35.0706,117.8915333,"2025-04-24T14:01:00+08:00","Sandy","Prince Harbour","fished","1.2","Yes","Yes","NA","South-west","Kayla Ferrera","Erika Teng Gui","Physical","Relief","Flat",NA,"0"
"SCI3304-2025","82003003",0,"S1",-35.0706,117.8915333,"2025-04-24T14:01:00+08:00","Sandy","Prince Harbour","fished","1.2","Yes","Yes","NA","South-west","Kayla Ferrera","Erika Teng Gui","Physical","Relief","Low / moderate","Low (<1m)","1"
"SCI3304-2025","82003004",0,"S1",-35.0706,117.8915333,"2025-04-24T14:01:00+08:00","Sandy","Prince Harbour","fished","1.2","Yes","Yes","NA","South-west","Kayla Ferrera","Erika Teng Gui","Physical","Relief","Low / moderate","Moderate (1-3m)","2"
"SCI3304-2025","82003006",10,"S1",-35.0706,117.8915333,"2025-04-24T14:01:00+08:00","Sandy","Prince Harbour","fished","1.2","Yes","Yes","NA","South-west","Kayla Ferrera","Erika Teng Gui","Physical","Relief","High","High (>3m)","3"
"SCI3304-2025","82003001",0,"S10",-35.0713,117.9023333,"2025-04-24T13:28:00+08:00","Sandy","Prince Harbour","fished","2.3","Yes","Yes","NA","South-west","Ephraim Chang","Darren Yap","Physical","Relief","Flat",NA,"0"
"SCI3304-2025","82003003",0,"S10",-35.0713,117.9023333,"2025-04-24T13:28:00+08:00","Sandy","Prince Harbour","fished","2.3","Yes","Yes","NA","South-west","Ephraim Chang","Darren Yap","Physical","Relief","Low / moderate","Low (<1m)","1"
"SCI3304-2025","82003004",0,"S10",-35.0713,117.9023333,"2025-04-24T13:28:00+08:00","Sandy","Prince Harbour","fished","2.3","Yes","Yes","NA","South-west","Ephraim Chang","Darren Yap","Physical","Relief","Low / moderate","Moderate (1-3m)","2"
"SCI3304-2025","82003006",10,"S10",-35.0713,117.9023333,"2025-04-24T13:28:00+08:00","Sandy","Prince Harbour","fished","2.3","Yes","Yes","NA","South-west","Ephraim Chang","Darren Yap","Physical","Relief","High","High (>3m)","3"
"SCI3304-2025","82003001",0,"S11",-35.0723,117.8995667,"2025-04-24T13:44:00+08:00","Sandy","Prince Harbour","fished","1.7","Yes","Yes","NA","South-west","Erika Teng Gui","Darren Yap","Physical","Relief","Flat",NA,"0"
"SCI3304-2025","82003003",1,"S11",-35.0723,117.8995667,"2025-04-24T13:44:00+08:00","Sandy","Prince Harbour","fished","1.7","Yes","Yes","NA","South-west","Erika Teng Gui","Darren Yap","Physical","Relief","Low / moderate","Low (<1m)","1"
"SCI3304-2025","82003004",4,"S11",-35.0723,117.8995667,"2025-04-24T13:44:00+08:00","Sandy","Prince Harbour","fished","1.7","Yes","Yes","NA","South-west","Erika Teng Gui","Darren Yap","Physical","Relief","Low / moderate","Moderate (1-3m)","2"
"SCI3304-2025","82003006",11,"S11",-35.0723,117.8995667,"2025-04-24T13:44:00+08:00","Sandy","Prince Harbour","fished","1.7","Yes","Yes","NA","South-west","Erika Teng Gui","Darren Yap","Physical","Relief","High","High (>3m)","3"
"SCI3304-2025","82003001",0,"S12",-35.0733,117.9008,"2025-04-24T13:41:00+08:00","Sandy","Prince Harbour","fished","1.7","Yes","Yes","NA","South-west","James Wijaya","Darren Yap","Physical","Relief","Flat",NA,"0"
"SCI3304-2025","82003003",2,"S12",-35.0733,117.9008,"2025-04-24T13:41:00+08:00","Sandy","Prince Harbour","fished","1.7","Yes","Yes","NA","South-west","James Wijaya","Darren Yap","Physical","Relief","Low / moderate","Low (<1m)","1"
"SCI3304-2025","82003004",0,"S12",-35.0733,117.9008,"2025-04-24T13:41:00+08:00","Sandy","Prince Harbour","fished","1.7","Yes","Yes","NA","South-west","James Wijaya","Darren Yap","Physical","Relief","Low / moderate","Moderate (1-3m)","2"
"SCI3304-2025","82003006",5,"S12",-35.0733,117.9008,"2025-04-24T13:41:00+08:00","Sandy","Prince Harbour","fished","1.7","Yes","Yes","NA","South-west","James Wijaya","Darren Yap","Physical","Relief","High","High (>3m)","3"
"SCI3304-2025","82003001",0,"S13",-35.0739,117.9035667,"2025-04-24T13:01:00+08:00","Sandy","Prince Harbour","fished","1.3","Yes","Yes","NA","South-west","Darren Yap","James Wijaya","Physical","Relief","Flat",NA,"0"
"SCI3304-2025","82003003",3,"S13",-35.0739,117.9035667,"2025-04-24T13:01:00+08:00","Sandy","Prince Harbour","fished","1.3","Yes","Yes","NA","South-west","Darren Yap","James Wijaya","Physical","Relief","Low / moderate","Low (<1m)","1"
"SCI3304-2025","82003004",3,"S13",-35.0739,117.9035667,"2025-04-24T13:01:00+08:00","Sandy","Prince Harbour","fished","1.3","Yes","Yes","NA","South-west","Darren Yap","James Wijaya","Physical","Relief","Low / moderate","Moderate (1-3m)","2"
"SCI3304-2025","82003006",5,"S13",-35.0739,117.9035667,"2025-04-24T13:01:00+08:00","Sandy","Prince Harbour","fished","1.3","Yes","Yes","NA","South-west","Darren Yap","James Wijaya","Physical","Relief","High","High (>3m)","3"
"SCI3304-2025","82003001",0,"S14",-35.0725,117.90285,"2025-04-24T13:31:00+08:00","Sandy","Prince Harbour","fished","2.4","Yes","Yes","NA","South-west","Evan Setiawan","Ephraim Chang","Physical","Relief","Flat",NA,"0"
"SCI3304-2025","82003003",3,"S14",-35.0725,117.90285,"2025-04-24T13:31:00+08:00","Sandy","Prince Harbour","fished","2.4","Yes","Yes","NA","South-west","Evan Setiawan","Ephraim Chang","Physical","Relief","Low / moderate","Low (<1m)","1"
"SCI3304-2025","82003004",7,"S14",-35.0725,117.90285,"2025-04-24T13:31:00+08:00","Sandy","Prince Harbour","fished","2.4","Yes","Yes","NA","South-west","Evan Setiawan","Ephraim Chang","Physical","Relief","Low / moderate","Moderate (1-3m)","2"
"SCI3304-2025","82003006",0,"S14",-35.0725,117.90285,"2025-04-24T13:31:00+08:00","Sandy","Prince Harbour","fished","2.4","Yes","Yes","NA","South-west","Evan Setiawan","Ephraim Chang","Physical","Relief","High","High (>3m)","3"
"SCI3304-2025","82003001",0,"S15",-35.0729,117.9050167,"2025-04-24T13:14:00+08:00","Sandy","Prince Harbour","fished","2.2","Yes","Yes","NA","South-west","Caelan McCuaig","Ephraim Chang","Physical","Relief","Flat",NA,"0"
"SCI3304-2025","82003003",10,"S15",-35.0729,117.9050167,"2025-04-24T13:14:00+08:00","Sandy","Prince Harbour","fished","2.2","Yes","Yes","NA","South-west","Caelan McCuaig","Ephraim Chang","Physical","Relief","Low / moderate","Low (<1m)","1"
"SCI3304-2025","82003004",0,"S15",-35.0729,117.9050167,"2025-04-24T13:14:00+08:00","Sandy","Prince Harbour","fished","2.2","Yes","Yes","NA","South-west","Caelan McCuaig","Ephraim Chang","Physical","Relief","Low / moderate","Moderate (1-3m)","2"
"SCI3304-2025","82003006",0,"S15",-35.0729,117.9050167,"2025-04-24T13:14:00+08:00","Sandy","Prince Harbour","fished","2.2","Yes","Yes","NA","South-west","Caelan McCuaig","Ephraim Chang","Physical","Relief","High","High (>3m)","3"
"SCI3304-2025","82003001",0,"S16",-35.0713,117.9047833,"2025-04-24T13:18:00+08:00","Sandy","Prince Harbour","fished","2.2","Yes","Yes","NA","South-west","Kayla Ferrera","Darren Yap","Physical","Relief","Flat",NA,"0"
"SCI3304-2025","82003003",1,"S16",-35.0713,117.9047833,"2025-04-24T13:18:00+08:00","Sandy","Prince Harbour","fished","2.2","Yes","Yes","NA","South-west","Kayla Ferrera","Darren Yap","Physical","Relief","Low / moderate","Low (<1m)","1"
"SCI3304-2025","82003004",5,"S16",-35.0713,117.9047833,"2025-04-24T13:18:00+08:00","Sandy","Prince Harbour","fished","2.2","Yes","Yes","NA","South-west","Kayla Ferrera","Darren Yap","Physical","Relief","Low / moderate","Moderate (1-3m)","2"
"SCI3304-2025","82003006",2,"S16",-35.0713,117.9047833,"2025-04-24T13:18:00+08:00","Sandy","Prince Harbour","fished","2.2","Yes","Yes","NA","South-west","Kayla Ferrera","Darren Yap","Physical","Relief","High","High (>3m)","3"
"SCI3304-2025","82003001",0,"S17",-35.074,117.91255,"2025-04-24T11:21:00+08:00","Sandy","Prince Harbour","fished","2.5","Yes","Yes","NA","South-west","Darren Yap","Ephraim Chang","Physical","Relief","Flat",NA,"0"
"SCI3304-2025","82003003",3,"S17",-35.074,117.91255,"2025-04-24T11:21:00+08:00","Sandy","Prince Harbour","fished","2.5","Yes","Yes","NA","South-west","Darren Yap","Ephraim Chang","Physical","Relief","Low / moderate","Low (<1m)","1"
"SCI3304-2025","82003004",7,"S17",-35.074,117.91255,"2025-04-24T11:21:00+08:00","Sandy","Prince Harbour","fished","2.5","Yes","Yes","NA","South-west","Darren Yap","Ephraim Chang","Physical","Relief","Low / moderate","Moderate (1-3m)","2"
"SCI3304-2025","82003006",0,"S17",-35.074,117.91255,"2025-04-24T11:21:00+08:00","Sandy","Prince Harbour","fished","2.5","Yes","Yes","NA","South-west","Darren Yap","Ephraim Chang","Physical","Relief","High","High (>3m)","3"
"SCI3304-2025","82003001",0,"S18",-35.0755,117.91245,"2025-04-24T11:11:00+08:00","Sandy","Prince Harbour","fished","2.2","Yes","Yes","NA","South-west","Khai Siang Tan","Darren Yap","Physical","Relief","Flat",NA,"0"
"SCI3304-2025","82003003",0,"S18",-35.0755,117.91245,"2025-04-24T11:11:00+08:00","Sandy","Prince Harbour","fished","2.2","Yes","Yes","NA","South-west","Khai Siang Tan","Darren Yap","Physical","Relief","Low / moderate","Low (<1m)","1"
"SCI3304-2025","82003004",3,"S18",-35.0755,117.91245,"2025-04-24T11:11:00+08:00","Sandy","Prince Harbour","fished","2.2","Yes","Yes","NA","South-west","Khai Siang Tan","Darren Yap","Physical","Relief","Low / moderate","Moderate (1-3m)","2"
"SCI3304-2025","82003006",7,"S18",-35.0755,117.91245,"2025-04-24T11:11:00+08:00","Sandy","Prince Harbour","fished","2.2","Yes","Yes","NA","South-west","Khai Siang Tan","Darren Yap","Physical","Relief","High","High (>3m)","3"
"SCI3304-2025","82003001",0,"S19",-35.0736,117.9104833,"2025-04-24T11:08:00+08:00","Sandy","Prince Harbour","fished","2.1","Yes","Yes","NA","South-west","Darren Yap","Erika Teng Gui","Physical","Relief","Flat",NA,"0"
"SCI3304-2025","82003003",0,"S19",-35.0736,117.9104833,"2025-04-24T11:08:00+08:00","Sandy","Prince Harbour","fished","2.1","Yes","Yes","NA","South-west","Darren Yap","Erika Teng Gui","Physical","Relief","Low / moderate","Low (<1m)","1"
"SCI3304-2025","82003004",4,"S19",-35.0736,117.9104833,"2025-04-24T11:08:00+08:00","Sandy","Prince Harbour","fished","2.1","Yes","Yes","NA","South-west","Darren Yap","Erika Teng Gui","Physical","Relief","Low / moderate","Moderate (1-3m)","2"
"SCI3304-2025","82003006",6,"S19",-35.0736,117.9104833,"2025-04-24T11:08:00+08:00","Sandy","Prince Harbour","fished","2.1","Yes","Yes","NA","South-west","Darren Yap","Erika Teng Gui","Physical","Relief","High","High (>3m)","3"
"SCI3304-2025","82003001",0,"S2",-35.07,117.8931833,"2025-04-24T13:59:00+08:00","Sandy","Prince Harbour","fished","1.3","Yes","Yes","NA","South-west","Riho Takishima","Erika Teng Gui","Physical","Relief","Flat",NA,"0"
"SCI3304-2025","82003003",3,"S2",-35.07,117.8931833,"2025-04-24T13:59:00+08:00","Sandy","Prince Harbour","fished","1.3","Yes","Yes","NA","South-west","Riho Takishima","Erika Teng Gui","Physical","Relief","Low / moderate","Low (<1m)","1"
"SCI3304-2025","82003004",1,"S2",-35.07,117.8931833,"2025-04-24T13:59:00+08:00","Sandy","Prince Harbour","fished","1.3","Yes","Yes","NA","South-west","Riho Takishima","Erika Teng Gui","Physical","Relief","Low / moderate","Moderate (1-3m)","2"
"SCI3304-2025","82003006",6,"S2",-35.07,117.8931833,"2025-04-24T13:59:00+08:00","Sandy","Prince Harbour","fished","1.3","Yes","Yes","NA","South-west","Riho Takishima","Erika Teng Gui","Physical","Relief","High","High (>3m)","3"
"SCI3304-2025","82003001",0,"S20",-35.0773,117.9076333,"2025-04-24T10:52:00+08:00","Sandy","Prince Harbour","fished","1.3","Yes","Yes","NA","South-west","James Wijaya","Caelan McCuaig","Physical","Relief","Flat",NA,"0"
"SCI3304-2025","82003003",0,"S20",-35.0773,117.9076333,"2025-04-24T10:52:00+08:00","Sandy","Prince Harbour","fished","1.3","Yes","Yes","NA","South-west","James Wijaya","Caelan McCuaig","Physical","Relief","Low / moderate","Low (<1m)","1"
"SCI3304-2025","82003004",2,"S20",-35.0773,117.9076333,"2025-04-24T10:52:00+08:00","Sandy","Prince Harbour","fished","1.3","Yes","Yes","NA","South-west","James Wijaya","Caelan McCuaig","Physical","Relief","Low / moderate","Moderate (1-3m)","2"
"SCI3304-2025","82003006",13,"S20",-35.0773,117.9076333,"2025-04-24T10:52:00+08:00","Sandy","Prince Harbour","fished","1.3","Yes","Yes","NA","South-west","James Wijaya","Caelan McCuaig","Physical","Relief","High","High (>3m)","3"
"SCI3304-2025","82003001",0,"S21",-35.0763,117.9083167,"2025-04-24T10:54:00+08:00","Sandy","Prince Harbour","fished","1.7","Yes","Yes","NA","South-west","Caelan McCuaig","James Wijaya","Physical","Relief","Flat",NA,"0"
"SCI3304-2025","82003003",2,"S21",-35.0763,117.9083167,"2025-04-24T10:54:00+08:00","Sandy","Prince Harbour","fished","1.7","Yes","Yes","NA","South-west","Caelan McCuaig","James Wijaya","Physical","Relief","Low / moderate","Low (<1m)","1"
"SCI3304-2025","82003004",0,"S21",-35.0763,117.9083167,"2025-04-24T10:54:00+08:00","Sandy","Prince Harbour","fished","1.7","Yes","Yes","NA","South-west","Caelan McCuaig","James Wijaya","Physical","Relief","Low / moderate","Moderate (1-3m)","2"
"SCI3304-2025","82003006",8,"S21",-35.0763,117.9083167,"2025-04-24T10:54:00+08:00","Sandy","Prince Harbour","fished","1.7","Yes","Yes","NA","South-west","Caelan McCuaig","James Wijaya","Physical","Relief","High","High (>3m)","3"
"SCI3304-2025","82003001",0,"S22",-35.0741,117.9050833,"2025-04-24T13:01:00+08:00","Sandy","Prince Harbour","fished","2","Yes","No","NA","South-west","Darren Yap","NIL","Physical","Relief","Flat",NA,"0"
"SCI3304-2025","82003003",2,"S22",-35.0741,117.9050833,"2025-04-24T13:01:00+08:00","Sandy","Prince Harbour","fished","2","Yes","No","NA","South-west","Darren Yap","NIL","Physical","Relief","Low / moderate","Low (<1m)","1"
"SCI3304-2025","82003004",5,"S22",-35.0741,117.9050833,"2025-04-24T13:01:00+08:00","Sandy","Prince Harbour","fished","2","Yes","No","NA","South-west","Darren Yap","NIL","Physical","Relief","Low / moderate","Moderate (1-3m)","2"
"SCI3304-2025","82003006",0,"S22",-35.0741,117.9050833,"2025-04-24T13:01:00+08:00","Sandy","Prince Harbour","fished","2","Yes","No","NA","South-west","Darren Yap","NIL","Physical","Relief","High","High (>3m)","3"
"SCI3304-2025","82003001",0,"S23",-35.0761,117.90425,"2025-04-24T10:41:00+08:00","Sandy","Prince Harbour","fished","1.7","Yes","Yes","NA","South-west","Caelan McCuaig","Erika Teng Gui","Physical","Relief","Flat",NA,"0"
"SCI3304-2025","82003003",0,"S23",-35.0761,117.90425,"2025-04-24T10:41:00+08:00","Sandy","Prince Harbour","fished","1.7","Yes","Yes","NA","South-west","Caelan McCuaig","Erika Teng Gui","Physical","Relief","Low / moderate","Low (<1m)","1"
"SCI3304-2025","82003004",0,"S23",-35.0761,117.90425,"2025-04-24T10:41:00+08:00","Sandy","Prince Harbour","fished","1.7","Yes","Yes","NA","South-west","Caelan McCuaig","Erika Teng Gui","Physical","Relief","Low / moderate","Moderate (1-3m)","2"
"SCI3304-2025","82003006",10,"S23",-35.0761,117.90425,"2025-04-24T10:41:00+08:00","Sandy","Prince Harbour","fished","1.7","Yes","Yes","NA","South-west","Caelan McCuaig","Erika Teng Gui","Physical","Relief","High","High (>3m)","3"
"SCI3304-2025","82003001",0,"S24",-35.076,117.9028667,"2025-04-24T10:38:00+08:00","Sandy","Prince Harbour","fished","1.5","Yes","Yes","NA","South-west","Khai Siang Tan","James Wijaya","Physical","Relief","Flat",NA,"0"
"SCI3304-2025","82003003",0,"S24",-35.076,117.9028667,"2025-04-24T10:38:00+08:00","Sandy","Prince Harbour","fished","1.5","Yes","Yes","NA","South-west","Khai Siang Tan","James Wijaya","Physical","Relief","Low / moderate","Low (<1m)","1"
"SCI3304-2025","82003004",0,"S24",-35.076,117.9028667,"2025-04-24T10:38:00+08:00","Sandy","Prince Harbour","fished","1.5","Yes","Yes","NA","South-west","Khai Siang Tan","James Wijaya","Physical","Relief","Low / moderate","Moderate (1-3m)","2"
"SCI3304-2025","82003006",10,"S24",-35.076,117.9028667,"2025-04-24T10:38:00+08:00","Sandy","Prince Harbour","fished","1.5","Yes","Yes","NA","South-west","Khai Siang Tan","James Wijaya","Physical","Relief","High","High (>3m)","3"
"SCI3304-2025","82003001",0,"S3",-35.0701,117.9068167,"2025-04-24T12:06:00+08:00","Sandy","Prince Harbour","fished","2.3","Yes","Yes","NA","South-west","Darren Yap","Erika Teng Gui","Physical","Relief","Flat",NA,"0"
"SCI3304-2025","82003003",0,"S3",-35.0701,117.9068167,"2025-04-24T12:06:00+08:00","Sandy","Prince Harbour","fished","2.3","Yes","Yes","NA","South-west","Darren Yap","Erika Teng Gui","Physical","Relief","Low / moderate","Low (<1m)","1"
"SCI3304-2025","82003004",6,"S3",-35.0701,117.9068167,"2025-04-24T12:06:00+08:00","Sandy","Prince Harbour","fished","2.3","Yes","Yes","NA","South-west","Darren Yap","Erika Teng Gui","Physical","Relief","Low / moderate","Moderate (1-3m)","2"
"SCI3304-2025","82003006",0,"S3",-35.0701,117.9068167,"2025-04-24T12:06:00+08:00","Sandy","Prince Harbour","fished","2.3","Yes","Yes","NA","South-west","Darren Yap","Erika Teng Gui","Physical","Relief","High","High (>3m)","3"
"SCI3304-2025","82003001",0,"S4",-35.07,117.909,"2025-04-24T12:04:00+08:00","Sandy","Prince Harbour","fished","2.3","Yes","Yes","NA","South-west","Kayla Ferrera","Erika Teng Gui","Physical","Relief","Flat",NA,"0"
"SCI3304-2025","82003003",0,"S4",-35.07,117.909,"2025-04-24T12:04:00+08:00","Sandy","Prince Harbour","fished","2.3","Yes","Yes","NA","South-west","Kayla Ferrera","Erika Teng Gui","Physical","Relief","Low / moderate","Low (<1m)","1"
"SCI3304-2025","82003004",5,"S4",-35.07,117.909,"2025-04-24T12:04:00+08:00","Sandy","Prince Harbour","fished","2.3","Yes","Yes","NA","South-west","Kayla Ferrera","Erika Teng Gui","Physical","Relief","Low / moderate","Moderate (1-3m)","2"
"SCI3304-2025","82003006",0,"S4",-35.07,117.909,"2025-04-24T12:04:00+08:00","Sandy","Prince Harbour","fished","2.3","Yes","Yes","NA","South-west","Kayla Ferrera","Erika Teng Gui","Physical","Relief","High","High (>3m)","3"
"SCI3304-2025","82003001",0,"S5",-35.0706,117.9128,"2025-04-24T11:36:00+08:00","Sandy","Prince Harbour","fished","2.6","Yes","Yes","NA","South-west","Riho Takishima","Darren Yap","Physical","Relief","Flat",NA,"0"
"SCI3304-2025","82003003",0,"S5",-35.0706,117.9128,"2025-04-24T11:36:00+08:00","Sandy","Prince Harbour","fished","2.6","Yes","Yes","NA","South-west","Riho Takishima","Darren Yap","Physical","Relief","Low / moderate","Low (<1m)","1"
"SCI3304-2025","82003004",2,"S5",-35.0706,117.9128,"2025-04-24T11:36:00+08:00","Sandy","Prince Harbour","fished","2.6","Yes","Yes","NA","South-west","Riho Takishima","Darren Yap","Physical","Relief","Low / moderate","Moderate (1-3m)","2"
"SCI3304-2025","82003006",5,"S5",-35.0706,117.9128,"2025-04-24T11:36:00+08:00","Sandy","Prince Harbour","fished","2.6","Yes","Yes","NA","South-west","Riho Takishima","Darren Yap","Physical","Relief","High","High (>3m)","3"
"SCI3304-2025","82003001",0,"S6",-35.0718,117.9136,"2025-04-24T11:34:00+08:00","Sandy","Prince Harbour","fished","2.5","Yes","Yes","NA","South-west","Kayla Ferrera","Erika Teng Gui","Physical","Relief","Flat",NA,"0"
"SCI3304-2025","82003003",0,"S6",-35.0718,117.9136,"2025-04-24T11:34:00+08:00","Sandy","Prince Harbour","fished","2.5","Yes","Yes","NA","South-west","Kayla Ferrera","Erika Teng Gui","Physical","Relief","Low / moderate","Low (<1m)","1"
"SCI3304-2025","82003004",3,"S6",-35.0718,117.9136,"2025-04-24T11:34:00+08:00","Sandy","Prince Harbour","fished","2.5","Yes","Yes","NA","South-west","Kayla Ferrera","Erika Teng Gui","Physical","Relief","Low / moderate","Moderate (1-3m)","2"
"SCI3304-2025","82003006",5,"S6",-35.0718,117.9136,"2025-04-24T11:34:00+08:00","Sandy","Prince Harbour","fished","2.5","Yes","Yes","NA","South-west","Kayla Ferrera","Erika Teng Gui","Physical","Relief","High","High (>3m)","3"
"SCI3304-2025","82003001",0,"S7",-35.0728,117.9126667,"2025-04-24T11:24:00+08:00","Sandy","Prince Harbour","fished","2","Yes","Yes","NA","South-west","Caelan McCuaig","Erika Teng Gui","Physical","Relief","Flat",NA,"0"
"SCI3304-2025","82003003",5,"S7",-35.0728,117.9126667,"2025-04-24T11:24:00+08:00","Sandy","Prince Harbour","fished","2","Yes","Yes","NA","South-west","Caelan McCuaig","Erika Teng Gui","Physical","Relief","Low / moderate","Low (<1m)","1"
"SCI3304-2025","82003004",0,"S7",-35.0728,117.9126667,"2025-04-24T11:24:00+08:00","Sandy","Prince Harbour","fished","2","Yes","Yes","NA","South-west","Caelan McCuaig","Erika Teng Gui","Physical","Relief","Low / moderate","Moderate (1-3m)","2"
"SCI3304-2025","82003006",0,"S7",-35.0728,117.9126667,"2025-04-24T11:24:00+08:00","Sandy","Prince Harbour","fished","2","Yes","Yes","NA","South-west","Caelan McCuaig","Erika Teng Gui","Physical","Relief","High","High (>3m)","3"
"SCI3304-2025","82003001",0,"S8",-35.0714,117.9109667,"2025-04-24T11:49:00+08:00","Sandy","Prince Harbour","fished","2.6","Yes","Yes","NA","South-west","Ephraim Chang","Evan Setiawan","Physical","Relief","Flat",NA,"0"
"SCI3304-2025","82003003",0,"S8",-35.0714,117.9109667,"2025-04-24T11:49:00+08:00","Sandy","Prince Harbour","fished","2.6","Yes","Yes","NA","South-west","Ephraim Chang","Evan Setiawan","Physical","Relief","Low / moderate","Low (<1m)","1"
"SCI3304-2025","82003004",4,"S8",-35.0714,117.9109667,"2025-04-24T11:49:00+08:00","Sandy","Prince Harbour","fished","2.6","Yes","Yes","NA","South-west","Ephraim Chang","Evan Setiawan","Physical","Relief","Low / moderate","Moderate (1-3m)","2"
"SCI3304-2025","82003006",6,"S8",-35.0714,117.9109667,"2025-04-24T11:49:00+08:00","Sandy","Prince Harbour","fished","2.6","Yes","Yes","NA","South-west","Ephraim Chang","Evan Setiawan","Physical","Relief","High","High (>3m)","3"
"SCI3304-2025","82003001",0,"S9",-35.0725,117.9104333,"2025-04-24T11:50:00+08:00","Sandy","Prince Harbour","fished","2.6","Yes","Yes","NA","South-west","Kayla Ferrera","Erika Teng Gui","Physical","Relief","Flat",NA,"0"
"SCI3304-2025","82003003",1,"S9",-35.0725,117.9104333,"2025-04-24T11:50:00+08:00","Sandy","Prince Harbour","fished","2.6","Yes","Yes","NA","South-west","Kayla Ferrera","Erika Teng Gui","Physical","Relief","Low / moderate","Low (<1m)","1"
"SCI3304-2025","82003004",3,"S9",-35.0725,117.9104333,"2025-04-24T11:50:00+08:00","Sandy","Prince Harbour","fished","2.6","Yes","Yes","NA","South-west","Kayla Ferrera","Erika Teng Gui","Physical","Relief","Low / moderate","Moderate (1-3m)","2"
"SCI3304-2025","82003006",2,"S9",-35.0725,117.9104333,"2025-04-24T11:50:00+08:00","Sandy","Prince Harbour","fished","2.6","Yes","Yes","NA","South-west","Kayla Ferrera","Erika Teng Gui","Physical","Relief","High","High (>3m)","3"
"SCI3304-2025","82003001",0,"SF1",-35.0358,117.873,"2025-04-23T13:08:00+08:00","Salmon Farm","Prince Harbour","fished","4.1","Yes","Yes","NA","South-west","Ephraim Chang","Darren Yap","Physical","Relief","Flat",NA,"0"
"SCI3304-2025","82003003",5,"SF1",-35.0358,117.873,"2025-04-23T13:08:00+08:00","Salmon Farm","Prince Harbour","fished","4.1","Yes","Yes","NA","South-west","Ephraim Chang","Darren Yap","Physical","Relief","Low / moderate","Low (<1m)","1"
"SCI3304-2025","82003004",5,"SF1",-35.0358,117.873,"2025-04-23T13:08:00+08:00","Salmon Farm","Prince Harbour","fished","4.1","Yes","Yes","NA","South-west","Ephraim Chang","Darren Yap","Physical","Relief","Low / moderate","Moderate (1-3m)","2"
"SCI3304-2025","82003006",0,"SF1",-35.0358,117.873,"2025-04-23T13:08:00+08:00","Salmon Farm","Prince Harbour","fished","4.1","Yes","Yes","NA","South-west","Ephraim Chang","Darren Yap","Physical","Relief","High","High (>3m)","3"
"SCI3304-2025","82003001",0,"SF12",-35.0468,117.8993667,"2025-04-23T15:14:00+08:00","Salmon Farm","Prince Harbour","fished","4.9","Yes","Yes","NA","South-west","Erika Teng Gui","Darren Yap","Physical","Relief","Flat",NA,"0"
"SCI3304-2025","82003003",5,"SF12",-35.0468,117.8993667,"2025-04-23T15:14:00+08:00","Salmon Farm","Prince Harbour","fished","4.9","Yes","Yes","NA","South-west","Erika Teng Gui","Darren Yap","Physical","Relief","Low / moderate","Low (<1m)","1"
"SCI3304-2025","82003004",0,"SF12",-35.0468,117.8993667,"2025-04-23T15:14:00+08:00","Salmon Farm","Prince Harbour","fished","4.9","Yes","Yes","NA","South-west","Erika Teng Gui","Darren Yap","Physical","Relief","Low / moderate","Moderate (1-3m)","2"
"SCI3304-2025","82003006",0,"SF12",-35.0468,117.8993667,"2025-04-23T15:14:00+08:00","Salmon Farm","Prince Harbour","fished","4.9","Yes","Yes","NA","South-west","Erika Teng Gui","Darren Yap","Physical","Relief","High","High (>3m)","3"
"SCI3304-2025","82003001",0,"SF14",-35.0586,117.8987333,"2025-04-24T14:45:00+08:00","Salmon Farm","Prince Harbour","fished","3.7","Yes","Yes","NA","South-west","Caelan McCuaig","Khai Siang Tan","Physical","Relief","Flat",NA,"0"
"SCI3304-2025","82003003",5,"SF14",-35.0586,117.8987333,"2025-04-24T14:45:00+08:00","Salmon Farm","Prince Harbour","fished","3.7","Yes","Yes","NA","South-west","Caelan McCuaig","Khai Siang Tan","Physical","Relief","Low / moderate","Low (<1m)","1"
"SCI3304-2025","82003004",0,"SF14",-35.0586,117.8987333,"2025-04-24T14:45:00+08:00","Salmon Farm","Prince Harbour","fished","3.7","Yes","Yes","NA","South-west","Caelan McCuaig","Khai Siang Tan","Physical","Relief","Low / moderate","Moderate (1-3m)","2"
"SCI3304-2025","82003006",0,"SF14",-35.0586,117.8987333,"2025-04-24T14:45:00+08:00","Salmon Farm","Prince Harbour","fished","3.7","Yes","Yes","NA","South-west","Caelan McCuaig","Khai Siang Tan","Physical","Relief","High","High (>3m)","3"
"SCI3304-2025","82003001",0,"SF15",-35.0612,117.8969667,"2025-04-24T14:34:00+08:00","Salmon Farm","Prince Harbour","fished","3.4","Yes","Yes","NA","South-west","Darren Yap","Riho Takishima","Physical","Relief","Flat",NA,"0"
"SCI3304-2025","82003003",1,"SF15",-35.0612,117.8969667,"2025-04-24T14:34:00+08:00","Salmon Farm","Prince Harbour","fished","3.4","Yes","Yes","NA","South-west","Darren Yap","Riho Takishima","Physical","Relief","Low / moderate","Low (<1m)","1"
"SCI3304-2025","82003004",4,"SF15",-35.0612,117.8969667,"2025-04-24T14:34:00+08:00","Salmon Farm","Prince Harbour","fished","3.4","Yes","Yes","NA","South-west","Darren Yap","Riho Takishima","Physical","Relief","Low / moderate","Moderate (1-3m)","2"
"SCI3304-2025","82003006",1,"SF15",-35.0612,117.8969667,"2025-04-24T14:34:00+08:00","Salmon Farm","Prince Harbour","fished","3.4","Yes","Yes","NA","South-west","Darren Yap","Riho Takishima","Physical","Relief","High","High (>3m)","3"
"SCI3304-2025","82003001",0,"SF16",-35.0574,117.8951167,"2025-04-24T14:31:00+08:00","Salmon Farm","Prince Harbour","fished","3.2","Yes","Yes","NA","South-west","Darren Yap","Erika Teng Gui","Physical","Relief","Flat",NA,"0"
"SCI3304-2025","82003003",0,"SF16",-35.0574,117.8951167,"2025-04-24T14:31:00+08:00","Salmon Farm","Prince Harbour","fished","3.2","Yes","Yes","NA","South-west","Darren Yap","Erika Teng Gui","Physical","Relief","Low / moderate","Low (<1m)","1"
"SCI3304-2025","82003004",5,"SF16",-35.0574,117.8951167,"2025-04-24T14:31:00+08:00","Salmon Farm","Prince Harbour","fished","3.2","Yes","Yes","NA","South-west","Darren Yap","Erika Teng Gui","Physical","Relief","Low / moderate","Moderate (1-3m)","2"
"SCI3304-2025","82003006",0,"SF16",-35.0574,117.8951167,"2025-04-24T14:31:00+08:00","Salmon Farm","Prince Harbour","fished","3.2","Yes","Yes","NA","South-west","Darren Yap","Erika Teng Gui","Physical","Relief","High","High (>3m)","3"
"SCI3304-2025","82003001",0,"SF17",-35.0607,117.8916167,"2025-04-24T15:02:00+08:00","Salmon Farm","Prince Harbour","fished","3","Yes","Yes","NA","South-west","Caelan McCuaig","Darren Yap","Physical","Relief","Flat",NA,"0"
"SCI3304-2025","82003003",1,"SF17",-35.0607,117.8916167,"2025-04-24T15:02:00+08:00","Salmon Farm","Prince Harbour","fished","3","Yes","Yes","NA","South-west","Caelan McCuaig","Darren Yap","Physical","Relief","Low / moderate","Low (<1m)","1"
"SCI3304-2025","82003004",9,"SF17",-35.0607,117.8916167,"2025-04-24T15:02:00+08:00","Salmon Farm","Prince Harbour","fished","3","Yes","Yes","NA","South-west","Caelan McCuaig","Darren Yap","Physical","Relief","Low / moderate","Moderate (1-3m)","2"
"SCI3304-2025","82003006",0,"SF17",-35.0607,117.8916167,"2025-04-24T15:02:00+08:00","Salmon Farm","Prince Harbour","fished","3","Yes","Yes","NA","South-west","Caelan McCuaig","Darren Yap","Physical","Relief","High","High (>3m)","3"
"SCI3304-2025","82003001",0,"SF19",-35.0616,117.8897333,"2025-04-24T15:04:00+08:00","Salmon Farm","Prince Harbour","fished","3.7","Yes","Yes","NA","South-west","Caelan McCuaig","Erika Teng Gui","Physical","Relief","Flat",NA,"0"
"SCI3304-2025","82003003",2,"SF19",-35.0616,117.8897333,"2025-04-24T15:04:00+08:00","Salmon Farm","Prince Harbour","fished","3.7","Yes","Yes","NA","South-west","Caelan McCuaig","Erika Teng Gui","Physical","Relief","Low / moderate","Low (<1m)","1"
"SCI3304-2025","82003004",3,"SF19",-35.0616,117.8897333,"2025-04-24T15:04:00+08:00","Salmon Farm","Prince Harbour","fished","3.7","Yes","Yes","NA","South-west","Caelan McCuaig","Erika Teng Gui","Physical","Relief","Low / moderate","Moderate (1-3m)","2"
"SCI3304-2025","82003006",0,"SF19",-35.0616,117.8897333,"2025-04-24T15:04:00+08:00","Salmon Farm","Prince Harbour","fished","3.7","Yes","Yes","NA","South-west","Caelan McCuaig","Erika Teng Gui","Physical","Relief","High","High (>3m)","3"
"SCI3304-2025","82003001",0,"SF20",-35.0686,117.8907833,"2025-04-24T14:16:00+08:00","Salmon Farm","Prince Harbour","fished","1.3","Yes","Yes","NA","South-west","Caelan McCuaig","Erika Teng Gui","Physical","Relief","Flat",NA,"0"
"SCI3304-2025","82003003",0,"SF20",-35.0686,117.8907833,"2025-04-24T14:16:00+08:00","Salmon Farm","Prince Harbour","fished","1.3","Yes","Yes","NA","South-west","Caelan McCuaig","Erika Teng Gui","Physical","Relief","Low / moderate","Low (<1m)","1"
"SCI3304-2025","82003004",6,"SF20",-35.0686,117.8907833,"2025-04-24T14:16:00+08:00","Salmon Farm","Prince Harbour","fished","1.3","Yes","Yes","NA","South-west","Caelan McCuaig","Erika Teng Gui","Physical","Relief","Low / moderate","Moderate (1-3m)","2"
"SCI3304-2025","82003006",0,"SF20",-35.0686,117.8907833,"2025-04-24T14:16:00+08:00","Salmon Farm","Prince Harbour","fished","1.3","Yes","Yes","NA","South-west","Caelan McCuaig","Erika Teng Gui","Physical","Relief","High","High (>3m)","3"
"SCI3304-2025","82003001",0,"SF3",-35.0338,117.8744333,"2025-04-23T13:21:00+08:00","Salmon Farm","Prince Harbour","fished","2.2","Yes","Yes","NA","South-west","Riho Takishima","Evan Setiawan","Physical","Relief","Flat",NA,"0"
"SCI3304-2025","82003003",1,"SF3",-35.0338,117.8744333,"2025-04-23T13:21:00+08:00","Salmon Farm","Prince Harbour","fished","2.2","Yes","Yes","NA","South-west","Riho Takishima","Evan Setiawan","Physical","Relief","Low / moderate","Low (<1m)","1"
"SCI3304-2025","82003004",9,"SF3",-35.0338,117.8744333,"2025-04-23T13:21:00+08:00","Salmon Farm","Prince Harbour","fished","2.2","Yes","Yes","NA","South-west","Riho Takishima","Evan Setiawan","Physical","Relief","Low / moderate","Moderate (1-3m)","2"
"SCI3304-2025","82003006",0,"SF3",-35.0338,117.8744333,"2025-04-23T13:21:00+08:00","Salmon Farm","Prince Harbour","fished","2.2","Yes","Yes","NA","South-west","Riho Takishima","Evan Setiawan","Physical","Relief","High","High (>3m)","3"
"SCI3304-2025","82003001",0,"SF4",-35.0341,117.8762833,"2025-04-23T13:33:00+08:00","Salmon Farm","Prince Harbour","fished","4.3","Yes","Yes","NA","South-west","Riho Takishima","Darren Yap","Physical","Relief","Flat",NA,"0"
"SCI3304-2025","82003003",0,"SF4",-35.0341,117.8762833,"2025-04-23T13:33:00+08:00","Salmon Farm","Prince Harbour","fished","4.3","Yes","Yes","NA","South-west","Riho Takishima","Darren Yap","Physical","Relief","Low / moderate","Low (<1m)","1"
"SCI3304-2025","82003004",10,"SF4",-35.0341,117.8762833,"2025-04-23T13:33:00+08:00","Salmon Farm","Prince Harbour","fished","4.3","Yes","Yes","NA","South-west","Riho Takishima","Darren Yap","Physical","Relief","Low / moderate","Moderate (1-3m)","2"
"SCI3304-2025","82003006",0,"SF4",-35.0341,117.8762833,"2025-04-23T13:33:00+08:00","Salmon Farm","Prince Harbour","fished","4.3","Yes","Yes","NA","South-west","Riho Takishima","Darren Yap","Physical","Relief","High","High (>3m)","3"
"SCI3304-2025","82003001",0,"SF5",-35.034,117.8777333,"2025-04-23T13:44:00+08:00","Salmon Farm","Prince Harbour","fished","4.7","Yes","Yes","NA","South-west","Riho Takishima","Erika Teng Gui","Physical","Relief","Flat",NA,"0"
"SCI3304-2025","82003003",4,"SF5",-35.034,117.8777333,"2025-04-23T13:44:00+08:00","Salmon Farm","Prince Harbour","fished","4.7","Yes","Yes","NA","South-west","Riho Takishima","Erika Teng Gui","Physical","Relief","Low / moderate","Low (<1m)","1"
"SCI3304-2025","82003004",5,"SF5",-35.034,117.8777333,"2025-04-23T13:44:00+08:00","Salmon Farm","Prince Harbour","fished","4.7","Yes","Yes","NA","South-west","Riho Takishima","Erika Teng Gui","Physical","Relief","Low / moderate","Moderate (1-3m)","2"
"SCI3304-2025","82003006",0,"SF5",-35.034,117.8777333,"2025-04-23T13:44:00+08:00","Salmon Farm","Prince Harbour","fished","4.7","Yes","Yes","NA","South-west","Riho Takishima","Erika Teng Gui","Physical","Relief","High","High (>3m)","3"
"SCI3304-2025","82003001",0,"SF8",-35.0412,117.88161,"2025-04-23T14:25:00+08:00","Salmon Farm","Prince Harbour","fished","4","Yes","Yes","NA","South-west","Erika Teng Gui","Darren Yap","Physical","Relief","Flat",NA,"0"
"SCI3304-2025","82003003",1,"SF8",-35.0412,117.88161,"2025-04-23T14:25:00+08:00","Salmon Farm","Prince Harbour","fished","4","Yes","Yes","NA","South-west","Erika Teng Gui","Darren Yap","Physical","Relief","Low / moderate","Low (<1m)","1"
"SCI3304-2025","82003004",9,"SF8",-35.0412,117.88161,"2025-04-23T14:25:00+08:00","Salmon Farm","Prince Harbour","fished","4","Yes","Yes","NA","South-west","Erika Teng Gui","Darren Yap","Physical","Relief","Low / moderate","Moderate (1-3m)","2"
"SCI3304-2025","82003006",0,"SF8",-35.0412,117.88161,"2025-04-23T14:25:00+08:00","Salmon Farm","Prince Harbour","fished","4","Yes","Yes","NA","South-west","Erika Teng Gui","Darren Yap","Physical","Relief","High","High (>3m)","3"
"SCI3304-2025","82003001",0,"SF9",-35.0422,117.8795167,"2025-04-23T14:36:00+08:00","Salmon Farm","Prince Harbour","fished","4.4","Yes","Yes","NA","South-west","Riho Takishima","Darren Yap","Physical","Relief","Flat",NA,"0"
"SCI3304-2025","82003003",4,"SF9",-35.0422,117.8795167,"2025-04-23T14:36:00+08:00","Salmon Farm","Prince Harbour","fished","4.4","Yes","Yes","NA","South-west","Riho Takishima","Darren Yap","Physical","Relief","Low / moderate","Low (<1m)","1"
"SCI3304-2025","82003004",6,"SF9",-35.0422,117.8795167,"2025-04-23T14:36:00+08:00","Salmon Farm","Prince Harbour","fished","4.4","Yes","Yes","NA","South-west","Riho Takishima","Darren Yap","Physical","Relief","Low / moderate","Moderate (1-3m)","2"
"SCI3304-2025","82003006",0,"SF9",-35.0422,117.8795167,"2025-04-23T14:36:00+08:00","Salmon Farm","Prince Harbour","fished","4.4","Yes","Yes","NA","South-west","Riho Takishima","Darren Yap","Physical","Relief","High","High (>3m)","3"
"SCI3304-2025","82003001",0,"YC1",-35.0545,117.8709833,"2025-04-25T10:35:00+08:00","Yacht Club","Prince Harbour","fished","1.3","Yes","Yes","NA","South-west","Evan Setiawan","Erika Teng Gui","Physical","Relief","Flat",NA,"0"
"SCI3304-2025","82003003",0,"YC1",-35.0545,117.8709833,"2025-04-25T10:35:00+08:00","Yacht Club","Prince Harbour","fished","1.3","Yes","Yes","NA","South-west","Evan Setiawan","Erika Teng Gui","Physical","Relief","Low / moderate","Low (<1m)","1"
"SCI3304-2025","82003004",3,"YC1",-35.0545,117.8709833,"2025-04-25T10:35:00+08:00","Yacht Club","Prince Harbour","fished","1.3","Yes","Yes","NA","South-west","Evan Setiawan","Erika Teng Gui","Physical","Relief","Low / moderate","Moderate (1-3m)","2"
"SCI3304-2025","82003006",10,"YC1",-35.0545,117.8709833,"2025-04-25T10:35:00+08:00","Yacht Club","Prince Harbour","fished","1.3","Yes","Yes","NA","South-west","Evan Setiawan","Erika Teng Gui","Physical","Relief","High","High (>3m)","3"
"SCI3304-2025","82003001",0,"YC10",-35.0593,117.8742333,"2025-04-25T11:38:00+08:00","Yacht Club","Prince Harbour","fished","1.6","Yes","Yes","NA","South-west","Erika Teng Gui","NIL","Physical","Relief","Flat",NA,"0"
"SCI3304-2025","82003003",6,"YC10",-35.0593,117.8742333,"2025-04-25T11:38:00+08:00","Yacht Club","Prince Harbour","fished","1.6","Yes","Yes","NA","South-west","Erika Teng Gui","NIL","Physical","Relief","Low / moderate","Low (<1m)","1"
"SCI3304-2025","82003004",4,"YC10",-35.0593,117.8742333,"2025-04-25T11:38:00+08:00","Yacht Club","Prince Harbour","fished","1.6","Yes","Yes","NA","South-west","Erika Teng Gui","NIL","Physical","Relief","Low / moderate","Moderate (1-3m)","2"
"SCI3304-2025","82003006",0,"YC10",-35.0593,117.8742333,"2025-04-25T11:38:00+08:00","Yacht Club","Prince Harbour","fished","1.6","Yes","Yes","NA","South-west","Erika Teng Gui","NIL","Physical","Relief","High","High (>3m)","3"
"SCI3304-2025","82003001",0,"YC11",-35.0612,117.8747833,"2025-04-25T12:01:00+08:00","Yacht Club","Prince Harbour","fished","1","Yes","Yes","NA","South-west","Darren Yap","Erika Teng Gui","Physical","Relief","Flat",NA,"0"
"SCI3304-2025","82003003",5,"YC11",-35.0612,117.8747833,"2025-04-25T12:01:00+08:00","Yacht Club","Prince Harbour","fished","1","Yes","Yes","NA","South-west","Darren Yap","Erika Teng Gui","Physical","Relief","Low / moderate","Low (<1m)","1"
"SCI3304-2025","82003004",5,"YC11",-35.0612,117.8747833,"2025-04-25T12:01:00+08:00","Yacht Club","Prince Harbour","fished","1","Yes","Yes","NA","South-west","Darren Yap","Erika Teng Gui","Physical","Relief","Low / moderate","Moderate (1-3m)","2"
"SCI3304-2025","82003006",0,"YC11",-35.0612,117.8747833,"2025-04-25T12:01:00+08:00","Yacht Club","Prince Harbour","fished","1","Yes","Yes","NA","South-west","Darren Yap","Erika Teng Gui","Physical","Relief","High","High (>3m)","3"
"SCI3304-2025","82003001",0,"YC12",-35.0607,117.8736833,"2025-04-25T11:58:00+08:00","Yacht Club","Prince Harbour","fished","1","Yes","Yes","NA","South-west","Erika Teng Gui","Darren Yap","Physical","Relief","Flat",NA,"0"
"SCI3304-2025","82003003",1,"YC12",-35.0607,117.8736833,"2025-04-25T11:58:00+08:00","Yacht Club","Prince Harbour","fished","1","Yes","Yes","NA","South-west","Erika Teng Gui","Darren Yap","Physical","Relief","Low / moderate","Low (<1m)","1"
"SCI3304-2025","82003004",3,"YC12",-35.0607,117.8736833,"2025-04-25T11:58:00+08:00","Yacht Club","Prince Harbour","fished","1","Yes","Yes","NA","South-west","Erika Teng Gui","Darren Yap","Physical","Relief","Low / moderate","Moderate (1-3m)","2"
"SCI3304-2025","82003006",8,"YC12",-35.0607,117.8736833,"2025-04-25T11:58:00+08:00","Yacht Club","Prince Harbour","fished","1","Yes","Yes","NA","South-west","Erika Teng Gui","Darren Yap","Physical","Relief","High","High (>3m)","3"
"SCI3304-2025","82003001",7,"YC13",-35.0596,117.87595,"2025-04-25T12:12:00+08:00","Yacht Club","Prince Harbour","fished","2.1","Yes","Yes","NA","South-west","Evan Setiawan","Khai Siang Tan","Physical","Relief","Flat",NA,"0"
"SCI3304-2025","82003003",3,"YC13",-35.0596,117.87595,"2025-04-25T12:12:00+08:00","Yacht Club","Prince Harbour","fished","2.1","Yes","Yes","NA","South-west","Evan Setiawan","Khai Siang Tan","Physical","Relief","Low / moderate","Low (<1m)","1"
"SCI3304-2025","82003004",0,"YC13",-35.0596,117.87595,"2025-04-25T12:12:00+08:00","Yacht Club","Prince Harbour","fished","2.1","Yes","Yes","NA","South-west","Evan Setiawan","Khai Siang Tan","Physical","Relief","Low / moderate","Moderate (1-3m)","2"
"SCI3304-2025","82003006",0,"YC13",-35.0596,117.87595,"2025-04-25T12:12:00+08:00","Yacht Club","Prince Harbour","fished","2.1","Yes","Yes","NA","South-west","Evan Setiawan","Khai Siang Tan","Physical","Relief","High","High (>3m)","3"
"SCI3304-2025","82003001",2,"YC14",-35.0603,117.8773,"2025-04-25T12:14:00+08:00","Yacht Club","Prince Harbour","fished","1.2","Yes","Yes","NA","South-west","Evan Setiawan","Darren Yap","Physical","Relief","Flat",NA,"0"
"SCI3304-2025","82003003",8,"YC14",-35.0603,117.8773,"2025-04-25T12:14:00+08:00","Yacht Club","Prince Harbour","fished","1.2","Yes","Yes","NA","South-west","Evan Setiawan","Darren Yap","Physical","Relief","Low / moderate","Low (<1m)","1"
"SCI3304-2025","82003004",0,"YC14",-35.0603,117.8773,"2025-04-25T12:14:00+08:00","Yacht Club","Prince Harbour","fished","1.2","Yes","Yes","NA","South-west","Evan Setiawan","Darren Yap","Physical","Relief","Low / moderate","Moderate (1-3m)","2"
"SCI3304-2025","82003006",0,"YC14",-35.0603,117.8773,"2025-04-25T12:14:00+08:00","Yacht Club","Prince Harbour","fished","1.2","Yes","Yes","NA","South-west","Evan Setiawan","Darren Yap","Physical","Relief","High","High (>3m)","3"
"SCI3304-2025","82003001",0,"YC2",-35.0543,117.8723167,"2025-04-25T10:38:00+08:00","Yacht Club","Prince Harbour","fished","1.2","Yes","Yes","NA","South-west","Evan Setiawan","Erika Teng Gui","Physical","Relief","Flat",NA,"0"
"SCI3304-2025","82003003",2,"YC2",-35.0543,117.8723167,"2025-04-25T10:38:00+08:00","Yacht Club","Prince Harbour","fished","1.2","Yes","Yes","NA","South-west","Evan Setiawan","Erika Teng Gui","Physical","Relief","Low / moderate","Low (<1m)","1"
"SCI3304-2025","82003004",3,"YC2",-35.0543,117.8723167,"2025-04-25T10:38:00+08:00","Yacht Club","Prince Harbour","fished","1.2","Yes","Yes","NA","South-west","Evan Setiawan","Erika Teng Gui","Physical","Relief","Low / moderate","Moderate (1-3m)","2"
"SCI3304-2025","82003006",7,"YC2",-35.0543,117.8723167,"2025-04-25T10:38:00+08:00","Yacht Club","Prince Harbour","fished","1.2","Yes","Yes","NA","South-west","Evan Setiawan","Erika Teng Gui","Physical","Relief","High","High (>3m)","3"
"SCI3304-2025","82003001",0,"YC3",-35.0554,117.8734167,"2025-04-25T10:52:00+08:00","Yacht Club","Prince Harbour","fished","2.2","Yes","Yes","NA","South-west","Darren Yap","Evan Setiawan","Physical","Relief","Flat",NA,"0"
"SCI3304-2025","82003003",6,"YC3",-35.0554,117.8734167,"2025-04-25T10:52:00+08:00","Yacht Club","Prince Harbour","fished","2.2","Yes","Yes","NA","South-west","Darren Yap","Evan Setiawan","Physical","Relief","Low / moderate","Low (<1m)","1"
"SCI3304-2025","82003004",4,"YC3",-35.0554,117.8734167,"2025-04-25T10:52:00+08:00","Yacht Club","Prince Harbour","fished","2.2","Yes","Yes","NA","South-west","Darren Yap","Evan Setiawan","Physical","Relief","Low / moderate","Moderate (1-3m)","2"
"SCI3304-2025","82003006",0,"YC3",-35.0554,117.8734167,"2025-04-25T10:52:00+08:00","Yacht Club","Prince Harbour","fished","2.2","Yes","Yes","NA","South-west","Darren Yap","Evan Setiawan","Physical","Relief","High","High (>3m)","3"
"SCI3304-2025","82003001",0,"YC4",-35.0556,117.87195,"2025-04-25T10:48:00+08:00","Yacht Club","Prince Harbour","fished","1.8","Yes","Yes","NA","South-west","Erika Teng Gui","Evan Setiawan","Physical","Relief","Flat",NA,"0"
"SCI3304-2025","82003003",0,"YC4",-35.0556,117.87195,"2025-04-25T10:48:00+08:00","Yacht Club","Prince Harbour","fished","1.8","Yes","Yes","NA","South-west","Erika Teng Gui","Evan Setiawan","Physical","Relief","Low / moderate","Low (<1m)","1"
"SCI3304-2025","82003004",4,"YC4",-35.0556,117.87195,"2025-04-25T10:48:00+08:00","Yacht Club","Prince Harbour","fished","1.8","Yes","Yes","NA","South-west","Erika Teng Gui","Evan Setiawan","Physical","Relief","Low / moderate","Moderate (1-3m)","2"
"SCI3304-2025","82003006",6,"YC4",-35.0556,117.87195,"2025-04-25T10:48:00+08:00","Yacht Club","Prince Harbour","fished","1.8","Yes","Yes","NA","South-west","Erika Teng Gui","Evan Setiawan","Physical","Relief","High","High (>3m)","3"
"SCI3304-2025","82003001",0,"YC5",-35.0569,117.8722333,"2025-04-25T11:06:00+08:00","Yacht Club","Prince Harbour","fished","1.8","Yes","Yes","NA","South-west","Darren Yap","Evan Setiawan","Physical","Relief","Flat",NA,"0"
"SCI3304-2025","82003003",4,"YC5",-35.0569,117.8722333,"2025-04-25T11:06:00+08:00","Yacht Club","Prince Harbour","fished","1.8","Yes","Yes","NA","South-west","Darren Yap","Evan Setiawan","Physical","Relief","Low / moderate","Low (<1m)","1"
"SCI3304-2025","82003004",3,"YC5",-35.0569,117.8722333,"2025-04-25T11:06:00+08:00","Yacht Club","Prince Harbour","fished","1.8","Yes","Yes","NA","South-west","Darren Yap","Evan Setiawan","Physical","Relief","Low / moderate","Moderate (1-3m)","2"
"SCI3304-2025","82003006",3,"YC5",-35.0569,117.8722333,"2025-04-25T11:06:00+08:00","Yacht Club","Prince Harbour","fished","1.8","Yes","Yes","NA","South-west","Darren Yap","Evan Setiawan","Physical","Relief","High","High (>3m)","3"
"SCI3304-2025","82003001",0,"YC6",-35.0566,117.8739,"2025-04-25T11:08:00+08:00","Yacht Club","Prince Harbour","fished","1.6","Yes","Yes","NA","South-west","James Wijaya","Erika Teng Gui","Physical","Relief","Flat",NA,"0"
"SCI3304-2025","82003003",0,"YC6",-35.0566,117.8739,"2025-04-25T11:08:00+08:00","Yacht Club","Prince Harbour","fished","1.6","Yes","Yes","NA","South-west","James Wijaya","Erika Teng Gui","Physical","Relief","Low / moderate","Low (<1m)","1"
"SCI3304-2025","82003004",1,"YC6",-35.0566,117.8739,"2025-04-25T11:08:00+08:00","Yacht Club","Prince Harbour","fished","1.6","Yes","Yes","NA","South-west","James Wijaya","Erika Teng Gui","Physical","Relief","Low / moderate","Moderate (1-3m)","2"
"SCI3304-2025","82003006",9,"YC6",-35.0566,117.8739,"2025-04-25T11:08:00+08:00","Yacht Club","Prince Harbour","fished","1.6","Yes","Yes","NA","South-west","James Wijaya","Erika Teng Gui","Physical","Relief","High","High (>3m)","3"
"SCI3304-2025","82003001",3,"YC7",-35.0582,117.8738333,"2025-04-25T11:22:00+08:00","Yacht Club","Prince Harbour","fished","1.7","Yes","Yes","NA","South-west","Darren Yap","Khai Siang Tan","Physical","Relief","Flat",NA,"0"
"SCI3304-2025","82003003",7,"YC7",-35.0582,117.8738333,"2025-04-25T11:22:00+08:00","Yacht Club","Prince Harbour","fished","1.7","Yes","Yes","NA","South-west","Darren Yap","Khai Siang Tan","Physical","Relief","Low / moderate","Low (<1m)","1"
"SCI3304-2025","82003004",0,"YC7",-35.0582,117.8738333,"2025-04-25T11:22:00+08:00","Yacht Club","Prince Harbour","fished","1.7","Yes","Yes","NA","South-west","Darren Yap","Khai Siang Tan","Physical","Relief","Low / moderate","Moderate (1-3m)","2"
"SCI3304-2025","82003006",0,"YC7",-35.0582,117.8738333,"2025-04-25T11:22:00+08:00","Yacht Club","Prince Harbour","fished","1.7","Yes","Yes","NA","South-west","Darren Yap","Khai Siang Tan","Physical","Relief","High","High (>3m)","3"
"SCI3304-2025","82003001",0,"YC8",-35.0584,117.8724667,"2025-04-25T11:20:00+08:00","Yacht Club","Prince Harbour","fished","1.5","Yes","Yes","NA","South-west","Erika Teng Gui","Evan Setiawan","Physical","Relief","Flat",NA,"0"
"SCI3304-2025","82003003",0,"YC8",-35.0584,117.8724667,"2025-04-25T11:20:00+08:00","Yacht Club","Prince Harbour","fished","1.5","Yes","Yes","NA","South-west","Erika Teng Gui","Evan Setiawan","Physical","Relief","Low / moderate","Low (<1m)","1"
"SCI3304-2025","82003004",0,"YC8",-35.0584,117.8724667,"2025-04-25T11:20:00+08:00","Yacht Club","Prince Harbour","fished","1.5","Yes","Yes","NA","South-west","Erika Teng Gui","Evan Setiawan","Physical","Relief","Low / moderate","Moderate (1-3m)","2"
"SCI3304-2025","82003006",10,"YC8",-35.0584,117.8724667,"2025-04-25T11:20:00+08:00","Yacht Club","Prince Harbour","fished","1.5","Yes","Yes","NA","South-west","Erika Teng Gui","Evan Setiawan","Physical","Relief","High","High (>3m)","3"
"SCI3304-2025","82003001",0,"YC9",-35.0592,117.8724,"2025-04-25T11:35:00+08:00","Yacht Club","Prince Harbour","fished","1.1","Yes","Yes","NA","South-west","Darren Yap","Erika Teng Gui","Physical","Relief","Flat",NA,"0"
"SCI3304-2025","82003003",0,"YC9",-35.0592,117.8724,"2025-04-25T11:35:00+08:00","Yacht Club","Prince Harbour","fished","1.1","Yes","Yes","NA","South-west","Darren Yap","Erika Teng Gui","Physical","Relief","Low / moderate","Low (<1m)","1"
"SCI3304-2025","82003004",0,"YC9",-35.0592,117.8724,"2025-04-25T11:35:00+08:00","Yacht Club","Prince Harbour","fished","1.1","Yes","Yes","NA","South-west","Darren Yap","Erika Teng Gui","Physical","Relief","Low / moderate","Moderate (1-3m)","2"
"SCI3304-2025","82003006",10,"YC9",-35.0592,117.8724,"2025-04-25T11:35:00+08:00","Yacht Club","Prince Harbour","fished","1.1","Yes","Yes","NA","South-west","Darren Yap","Erika Teng Gui","Physical","Relief","High","High (>3m)","3"
